,intent_loss,intent_acc,set
0,0.884870707988739,0.859649121761322,valid
